graph_edge_id,parent_unit_id,child_ref_type,child_ref,call_order,condition,via_symbol,via_path
aminmax::public_api::min::0,composite::ops/function/array_func.py::aminmax,public_api,mindspore.ops.min,0,axis is None,min,mindspore/python/mindspore/ops/function/array_func.py
aminmax::public_api::max::1,composite::ops/function/array_func.py::aminmax,public_api,mindspore.ops.max,1,axis is None,max,mindspore/python/mindspore/ops/function/array_func.py
aminmax::unit::reshape::2,composite::ops/function/array_func.py::aminmax,unit,branch::reshape_op.yaml::Reshape,2,axis is None and keepdims is True,reshape,mindspore/python/mindspore/ops/function/array_func.py
aminmax::unit::argmin_with_value_op::3,composite::ops/function/array_func.py::aminmax,unit,branch::argmin_with_value_op.yaml::ArgMinWithValue,3,axis is not None,argmin_with_value_op,mindspore/python/mindspore/ops/function/array_func.py
aminmax::unit::argmax_with_value_op::4,composite::ops/function/array_func.py::aminmax,unit,branch::argmax_with_value_op.yaml::ArgMaxWithValue,4,axis is not None,argmax_with_value_op,mindspore/python/mindspore/ops/function/array_func.py
diagflat::unit::diag::0,composite::ops/function/array_func.py::diagflat,unit,branch::diag_ext_op.yaml::DiagExt,0,not (input.size == 0),diag,mindspore/python/mindspore/ops/function/array_func.py
diagflat::unit::zeros::1,composite::ops/function/array_func.py::diagflat,unit,branch::zeros_op.yaml::Zeros,1,not (input.size == 0) and offset != 0,zeros,mindspore/python/mindspore/ops/function/array_func.py
diagflat::unit::cat::2,composite::ops/function/array_func.py::diagflat,unit,branch::concat_op.yaml::Concat,2,not (input.size == 0) and offset != 0 and offset < 0,cat,mindspore/python/mindspore/ops/function/array_func.py
diagflat::unit::cat::3,composite::ops/function/array_func.py::diagflat,unit,branch::concat_op.yaml::Concat,3,not (input.size == 0) and offset != 0 and not (offset < 0),cat,mindspore/python/mindspore/ops/function/array_func.py
diagonal_scatter::unit::_check_is_tensor::0,composite::ops/function/array_func.py::diagonal_scatter,unit,composite::ops/function/array_func.py::_check_is_tensor,0,,_check_is_tensor,mindspore/python/mindspore/ops/function/array_func.py
diagonal_scatter::unit::_check_diagonal_scatter_shape::1,composite::ops/function/array_func.py::diagonal_scatter,unit,composite::ops/function/array_func.py::_check_diagonal_scatter_shape,1,,_check_diagonal_scatter_shape,mindspore/python/mindspore/ops/function/array_func.py
diagonal_scatter::unit::zeros::2,composite::ops/function/array_func.py::diagonal_scatter,unit,branch::zeros_op.yaml::Zeros,2,not (m == n),zeros,mindspore/python/mindspore/ops/function/array_func.py
diagonal_scatter::unit::concat::3,composite::ops/function/array_func.py::diagonal_scatter,unit,composite::ops/function/array_func.py::concat,3,not (m == n),concat,mindspore/python/mindspore/ops/function/array_func.py
diagonal_scatter::unit::zeros::4,composite::ops/function/array_func.py::diagonal_scatter,unit,branch::zeros_op.yaml::Zeros,4,not (m == n) and src.shape != input_diag.shape,zeros,mindspore/python/mindspore/ops/function/array_func.py
diagonal_scatter::unit::concat::5,composite::ops/function/array_func.py::diagonal_scatter,unit,composite::ops/function/array_func.py::concat,5,not (m == n) and src.shape != input_diag.shape,concat,mindspore/python/mindspore/ops/function/array_func.py
fold::unit::_check_fold_param::0,composite::ops/function/array_func.py::fold,unit,composite::ops/function/array_func.py::_check_fold_param,0,,_check_fold_param,mindspore/python/mindspore/ops/function/array_func.py
fold::unit::shape::1,composite::ops/function/array_func.py::fold,unit,branch::shape_op.yaml::Shape,1,,shape,mindspore/python/mindspore/ops/function/array_func.py
fold::unit::reshape::2,composite::ops/function/array_func.py::fold,unit,branch::reshape_op.yaml::Reshape,2,,reshape,mindspore/python/mindspore/ops/function/array_func.py
is_nonzero::unit::squeeze::0,composite::ops/function/array_func.py::is_nonzero,unit,branch::squeeze_op.yaml::Squeeze,0,,squeeze,mindspore/python/mindspore/ops/function/array_func.py
max::unit::_init_and_select_elem::0,composite::ops/function/array_func.py::max,unit,composite::ops/function/array_func.py::_init_and_select_elem,0,not (not input.shape) and axis is not None,_init_and_select_elem,mindspore/python/mindspore/ops/function/array_func.py
max::unit::argmax_with_value_op::1,composite::ops/function/array_func.py::max,unit,branch::argmax_with_value_op.yaml::ArgMaxWithValue,1,not (not input.shape) and axis is not None,argmax_with_value_op,mindspore/python/mindspore/ops/function/array_func.py
min::unit::_init_and_select_elem::0,composite::ops/function/array_func.py::min,unit,composite::ops/function/array_func.py::_init_and_select_elem,0,not (not input.shape) and axis is not None,_init_and_select_elem,mindspore/python/mindspore/ops/function/array_func.py
min::unit::argmin_with_value_op::1,composite::ops/function/array_func.py::min,unit,branch::argmin_with_value_op.yaml::ArgMinWithValue,1,not (not input.shape) and axis is not None,argmin_with_value_op,mindspore/python/mindspore/ops/function/array_func.py
movedim::unit::rank::0,composite::ops/function/array_func.py::movedim,unit,branch::rank_op.yaml::Rank,0,,rank,mindspore/python/mindspore/ops/function/array_func.py
movedim::unit::_check_axis_valid::1,composite::ops/function/array_func.py::movedim,unit,composite::ops/function/array_func.py::_check_axis_valid,1,,_check_axis_valid,mindspore/python/mindspore/ops/function/array_func.py
movedim::unit::_get_moved_perm::2,composite::ops/function/array_func.py::movedim,unit,composite::ops/function/array_func.py::_get_moved_perm,2,,_get_moved_perm,mindspore/python/mindspore/ops/function/array_func.py
repeat_elements::unit::_check_positive_int::0,composite::ops/function/array_func.py::repeat_elements,unit,composite::ops/function/array_func.py::_check_positive_int,0,,_check_positive_int,mindspore/python/mindspore/ops/function/array_func.py
repeat_elements::unit::_check_is_int::1,composite::ops/function/array_func.py::repeat_elements,unit,composite::ops/function/array_func.py::_check_is_int,1,,_check_is_int,mindspore/python/mindspore/ops/function/array_func.py
repeat_elements::unit::_check_rank_range::2,composite::ops/function/array_func.py::repeat_elements,unit,composite::ops/function/array_func.py::_check_rank_range,2,,_check_rank_range,mindspore/python/mindspore/ops/function/array_func.py
repeat_elements::unit::_check_axis_range::3,composite::ops/function/array_func.py::repeat_elements,unit,composite::ops/function/array_func.py::_check_axis_range,3,,_check_axis_range,mindspore/python/mindspore/ops/function/array_func.py
repeat_elements::unit::expand_dims::4,composite::ops/function/array_func.py::repeat_elements,unit,branch::expand_dims_op.yaml::ExpandDims,4,,expand_dims,mindspore/python/mindspore/ops/function/array_func.py
repeat_elements::unit::_cal_repeat_dims::5,composite::ops/function/array_func.py::repeat_elements,unit,composite::ops/function/array_func.py::_cal_repeat_dims,5,,_cal_repeat_dims,mindspore/python/mindspore/ops/function/array_func.py
repeat_elements::unit::_cal_reshape::6,composite::ops/function/array_func.py::repeat_elements,unit,composite::ops/function/array_func.py::_cal_reshape,6,,_cal_reshape,mindspore/python/mindspore/ops/function/array_func.py
select_scatter::unit::_check_is_tensor::0,composite::ops/function/array_func.py::select_scatter,unit,composite::ops/function/array_func.py::_check_is_tensor,0,,_check_is_tensor,mindspore/python/mindspore/ops/function/array_func.py
sequence_mask::unit::_check_positive_int::0,composite::ops/function/array_func.py::sequence_mask,unit,composite::ops/function/array_func.py::_check_positive_int,0,maxlen is not None,_check_positive_int,mindspore/python/mindspore/ops/function/array_func.py
sequence_mask::unit::expand_dims::1,composite::ops/function/array_func.py::sequence_mask,unit,branch::expand_dims_op.yaml::ExpandDims,1,,expand_dims,mindspore/python/mindspore/ops/function/array_func.py
slice_scatter::unit::_check_is_tensor::0,composite::ops/function/array_func.py::slice_scatter,unit,composite::ops/function/array_func.py::_check_is_tensor,0,,_check_is_tensor,mindspore/python/mindspore/ops/function/array_func.py
slice_scatter::unit::_get_slice_scatter_const::1,composite::ops/function/array_func.py::slice_scatter,unit,composite::ops/function/array_func.py::_get_slice_scatter_const,1,,_get_slice_scatter_const,mindspore/python/mindspore/ops/function/array_func.py
split_ext::unit::split_tensor_op::0,composite::ops/function/array_func.py::split_ext,unit,branch::split_tensor_op.yaml::SplitTensor,0,"isinstance(split_size, int)",split_tensor_op,mindspore/python/mindspore/ops/function/array_func.py
split_ext::unit::split_with_size_op::1,composite::ops/function/array_func.py::split_ext,unit,branch::split_with_size_op.yaml::SplitWithSize,1,"not (isinstance(split_size, int)) and isinstance(split_size, (list, tuple))",split_with_size_op,mindspore/python/mindspore/ops/function/array_func.py
swapaxes::unit::_check_swapaxes_axis::0,composite::ops/function/array_func.py::swapaxes,unit,composite::ops/function/array_func.py::_check_swapaxes_axis,0,,_check_swapaxes_axis,mindspore/python/mindspore/ops/function/array_func.py
tensor_split::unit::_canonicalize_axis::0,composite::ops/function/array_func.py::tensor_split,unit,composite::ops/function/array_func.py::_canonicalize_axis,0,,_canonicalize_axis,mindspore/python/mindspore/ops/function/array_func.py
tensor_split::unit::_tensor_split_sub_int::1,composite::ops/function/array_func.py::tensor_split,unit,composite::ops/function/array_func.py::_tensor_split_sub_int,1,type(indices_or_sections) is int and indices_or_sections > 0,_tensor_split_sub_int,mindspore/python/mindspore/ops/function/array_func.py
tensor_split::unit::_tensor_split_sub_tensors::2,composite::ops/function/array_func.py::tensor_split,unit,composite::ops/function/array_func.py::_tensor_split_sub_tensors,2,"not (type(indices_or_sections) is int) and isinstance(indices_or_sections, (list, tuple))",_tensor_split_sub_tensors,mindspore/python/mindspore/ops/function/array_func.py
unfold::unit::_check_unfold_params::0,composite::ops/function/array_func.py::unfold,unit,composite::ops/function/array_func.py::_check_unfold_params,0,,_check_unfold_params,mindspore/python/mindspore/ops/function/array_func.py
unfold::primitive_symbol::unfold_op::1,composite::ops/function/array_func.py::unfold,primitive_symbol,Im2Col,1,,unfold_op,mindspore/python/mindspore/ops/function/array_func.py
unfold::unit::shape::2,composite::ops/function/array_func.py::unfold,unit,branch::shape_op.yaml::Shape,2,,shape,mindspore/python/mindspore/ops/function/array_func.py
unfold::unit::reshape::3,composite::ops/function/array_func.py::unfold,unit,branch::reshape_op.yaml::Reshape,3,,reshape,mindspore/python/mindspore/ops/function/array_func.py
unique::unit::get_x_shape::0,composite::ops/function/array_func.py::unique,unit,composite::ops/function/array_func.py::get_x_shape,0,,get_x_shape,mindspore/python/mindspore/ops/function/array_func.py
clip_by_global_norm::unit::_check_value::0,composite::ops/function/clip_func.py::clip_by_global_norm,unit,composite::ops/function/clip_func.py::_check_value,0,,_check_value,mindspore/python/mindspore/ops/function/clip_func.py
clip_by_norm::unit::_cal_total_norm::0,composite::ops/function/clip_func.py::clip_by_norm,unit,composite::ops/function/clip_func.py::_cal_total_norm,0,,_cal_total_norm,mindspore/python/mindspore/ops/function/clip_func.py
derivative::unit::_check_derivative_order::0,composite::ops/function/grad/grad_func.py::derivative,unit,composite::ops/function/grad/grad_func.py::_check_derivative_order,0,,_check_derivative_order,mindspore/python/mindspore/ops/function/grad/grad_func.py
derivative::unit::_trans_derivative_inputs::1,composite::ops/function/grad/grad_func.py::derivative,unit,composite::ops/function/grad/grad_func.py::_trans_derivative_inputs,1,"not (isinstance(primals, tuple))",_trans_derivative_inputs,mindspore/python/mindspore/ops/function/grad/grad_func.py
derivative::unit::zeros::2,composite::ops/function/grad/grad_func.py::derivative,unit,branch::zeros_op.yaml::Zeros,2,"not (isinstance(primals, tuple))",zeros,mindspore/python/mindspore/ops/function/grad/grad_func.py
grad::unit::_convert_grad_position_type::0,composite::ops/function/grad/grad_func.py::grad,unit,composite::ops/function/grad/grad_func.py::_convert_grad_position_type,0,grad_position is not None,_convert_grad_position_type,mindspore/python/mindspore/ops/function/grad/grad_func.py
jacfwd::unit::_check_has_aux_type::0,composite::ops/function/grad/grad_func.py::jacfwd,unit,composite::ops/function/grad/grad_func.py::_check_has_aux_type,0,,_check_has_aux_type,mindspore/python/mindspore/ops/function/grad/grad_func.py
jacrev::unit::_check_has_aux_type::0,composite::ops/function/grad/grad_func.py::jacrev,unit,composite::ops/function/grad/grad_func.py::_check_has_aux_type,0,,_check_has_aux_type,mindspore/python/mindspore/ops/function/grad/grad_func.py
jet::unit::_check_jet_inputs::0,composite::ops/function/grad/grad_func.py::jet,unit,composite::ops/function/grad/grad_func.py::_check_jet_inputs,0,,_check_jet_inputs,mindspore/python/mindspore/ops/function/grad/grad_func.py
jet::unit::_preprocess_jet::1,composite::ops/function/grad/grad_func.py::jet,unit,composite::ops/function/grad/grad_func.py::_preprocess_jet,1,"not (isinstance(primals, list) and len(primals) > 1)",_preprocess_jet,mindspore/python/mindspore/ops/function/grad/grad_func.py
jvp::unit::_check_has_aux_type::0,composite::ops/function/grad/grad_func.py::jvp,unit,composite::ops/function/grad/grad_func.py::_check_has_aux_type,0,,_check_has_aux_type,mindspore/python/mindspore/ops/function/grad/grad_func.py
jvp::unit::_raise_type_error::1,composite::ops/function/grad/grad_func.py::jvp,unit,composite::ops/function/grad/grad_func.py::_raise_type_error,1,"not isinstance(inputs, (Tensor, tuple, list)) or not isinstance(v, (Tensor, tuple, list))",_raise_type_error,mindspore/python/mindspore/ops/function/grad/grad_func.py
jvp::unit::_check_jvp_input_v_len::2,composite::ops/function/grad/grad_func.py::jvp,unit,composite::ops/function/grad/grad_func.py::_check_jvp_input_v_len,2,,_check_jvp_input_v_len,mindspore/python/mindspore/ops/function/grad/grad_func.py
linearize::unit::_raise_type_error::0,composite::ops/function/grad/grad_func.py::linearize,unit,composite::ops/function/grad/grad_func.py::_raise_type_error,0,"not isinstance(inputs, (Tensor, tuple, list))",_raise_type_error,mindspore/python/mindspore/ops/function/grad/grad_func.py
stop_gradient_::unit::inplace_stop_gradient_op::0,composite::ops/function/grad/grad_func.py::stop_gradient_,unit,branch::inplace_stop_gradient_op.yaml::InplaceStopGradient,0,,inplace_stop_gradient_op,mindspore/python/mindspore/ops/function/grad/grad_func.py
value_and_grad::unit::_convert_grad_position_type::0,composite::ops/function/grad/grad_func.py::value_and_grad,unit,composite::ops/function/grad/grad_func.py::_convert_grad_position_type,0,grad_position is not None,_convert_grad_position_type,mindspore/python/mindspore/ops/function/grad/grad_func.py
vjp::unit::_check_tensor::0,composite::ops/function/grad/grad_func.py::vjp,unit,composite::ops/function/grad/grad_func.py::_check_tensor,0,,_check_tensor,mindspore/python/mindspore/ops/function/grad/grad_func.py
vjp::unit::_check_has_aux_type::1,composite::ops/function/grad/grad_func.py::vjp,unit,composite::ops/function/grad/grad_func.py::_check_has_aux_type,1,,_check_has_aux_type,mindspore/python/mindspore/ops/function/grad/grad_func.py
crop_and_resize::unit::_crop_and_resize_check::0,composite::ops/function/image_func.py::crop_and_resize,unit,composite::ops/function/image_func.py::_crop_and_resize_check,0,,_crop_and_resize_check,mindspore/python/mindspore/ops/function/image_func.py
cond::unit::flatten::0,composite::ops/function/linalg_func.py::cond,unit,branch::flatten_ext_op.yaml::FlattenExt,0,A.dim() >= 3,flatten,mindspore/python/mindspore/ops/function/linalg_func.py
cond::unit::reshape::1,composite::ops/function/linalg_func.py::cond,unit,branch::reshape_op.yaml::Reshape,1,A.dim() >= 3,reshape,mindspore/python/mindspore/ops/function/linalg_func.py
pinv::unit::_check_input_dtype::0,composite::ops/function/linalg_func.py::pinv,unit,composite::ops/function/math_func.py::_check_input_dtype,0,,_check_input_dtype,mindspore/python/mindspore/ops/function/linalg_func.py
pinv::unit::matmul::1,composite::ops/function/linalg_func.py::pinv,unit,branch::matmul_ext_op.yaml::MatMulExt,1,not hermitian,matmul,mindspore/python/mindspore/ops/function/linalg_func.py
pinv::unit::matmul::2,composite::ops/function/linalg_func.py::pinv,unit,branch::matmul_ext_op.yaml::MatMulExt,2,not (not hermitian),matmul,mindspore/python/mindspore/ops/function/linalg_func.py
addr::unit::_check_input_dtype::0,composite::ops/function/math_func.py::addr,unit,composite::ops/function/math_func.py::_check_input_dtype,0,,_check_input_dtype,mindspore/python/mindspore/ops/function/math_func.py
addr::unit::_check_attr_dtype::1,composite::ops/function/math_func.py::addr,unit,composite::ops/function/math_func.py::_check_attr_dtype,1,,_check_attr_dtype,mindspore/python/mindspore/ops/function/math_func.py
addr::unit::scalar_cast::2,composite::ops/function/math_func.py::addr,unit,branch::scalar_cast_op.yaml::ScalarCast,2,"input_dtype in (mstype.int16, mstype.int32, mstype.int64)",scalar_cast,mindspore/python/mindspore/ops/function/math_func.py
addr::unit::get_x_shape::3,composite::ops/function/math_func.py::addr,unit,composite::ops/function/math_func.py::get_x_shape,3,,get_x_shape,mindspore/python/mindspore/ops/function/math_func.py
amax::unit::_init_and_select_elem::0,composite::ops/function/math_func.py::amax,unit,composite::ops/function/math_func.py::_init_and_select_elem,0,,_init_and_select_elem,mindspore/python/mindspore/ops/function/math_func.py
amin::unit::_init_and_select_elem::0,composite::ops/function/math_func.py::amin,unit,composite::ops/function/math_func.py::_init_and_select_elem,0,,_init_and_select_elem,mindspore/python/mindspore/ops/function/math_func.py
batch_dot::unit::_get_batch_size::0,composite::ops/function/math_func.py::batch_dot,unit,composite::ops/function/math_func.py::_get_batch_size,0,,_get_batch_size,mindspore/python/mindspore/ops/function/math_func.py
batch_dot::unit::_typecheck_input_batch_dot::1,composite::ops/function/math_func.py::batch_dot,unit,composite::ops/function/math_func.py::_typecheck_input_batch_dot,1,,_typecheck_input_batch_dot,mindspore/python/mindspore/ops/function/math_func.py
batch_dot::unit::_check_batch_size::2,composite::ops/function/math_func.py::batch_dot,unit,composite::ops/function/math_func.py::_check_batch_size,2,,_check_batch_size,mindspore/python/mindspore/ops/function/math_func.py
batch_dot::unit::_check_axes_for_batch_dot::3,composite::ops/function/math_func.py::batch_dot,unit,composite::ops/function/math_func.py::_check_axes_for_batch_dot,3,,_check_axes_for_batch_dot,mindspore/python/mindspore/ops/function/math_func.py
batch_dot::unit::expand_dims::4,composite::ops/function/math_func.py::batch_dot,unit,branch::expand_dims_op.yaml::ExpandDims,4,x1_dim_num == 2,expand_dims,mindspore/python/mindspore/ops/function/math_func.py
batch_dot::unit::expand_dims::5,composite::ops/function/math_func.py::batch_dot,unit,branch::expand_dims_op.yaml::ExpandDims,5,x2_dim_num == 2,expand_dims,mindspore/python/mindspore/ops/function/math_func.py
batch_dot::unit::_calc_new_shape_batchdot::6,composite::ops/function/math_func.py::batch_dot,unit,composite::ops/function/math_func.py::_calc_new_shape_batchdot,6,,_calc_new_shape_batchdot,mindspore/python/mindspore/ops/function/math_func.py
batch_dot::unit::_get_output_shape::7,composite::ops/function/math_func.py::batch_dot,unit,composite::ops/function/math_func.py::_get_output_shape,7,,_get_output_shape,mindspore/python/mindspore/ops/function/math_func.py
batch_dot::unit::transpose_op::8,composite::ops/function/math_func.py::batch_dot,unit,branch::transpose_op.yaml::Transpose,8,,transpose_op,mindspore/python/mindspore/ops/function/math_func.py
bitwise_left_shift::unit::Cast::0,composite::ops/function/math_func.py::bitwise_left_shift,unit,branch::cast_op.yaml::Cast,0,,Cast,mindspore/python/mindspore/ops/function/math_func.py
bitwise_left_shift::unit::LeftShift::1,composite::ops/function/math_func.py::bitwise_left_shift,unit,branch::left_shift_op.yaml::LeftShift,1,,LeftShift,mindspore/python/mindspore/ops/function/math_func.py
bitwise_right_shift::unit::Cast::0,composite::ops/function/math_func.py::bitwise_right_shift,unit,branch::cast_op.yaml::Cast,0,,Cast,mindspore/python/mindspore/ops/function/math_func.py
bitwise_right_shift::unit::RightShift::1,composite::ops/function/math_func.py::bitwise_right_shift,unit,branch::right_shift_op.yaml::RightShift,1,,RightShift,mindspore/python/mindspore/ops/function/math_func.py
copysign::unit::_type_convert::0,composite::ops/function/math_func.py::copysign,unit,composite::ops/function/math_func.py::_type_convert,0,"not isinstance(other, Tensor)",_type_convert,mindspore/python/mindspore/ops/function/math_func.py
cosine_similarity::unit::sum::0,composite::ops/function/math_func.py::cosine_similarity,unit,branch::sum_ext_op.yaml::SumExt,0,,sum,mindspore/python/mindspore/ops/function/math_func.py
cov::unit::_check_cov_weights::0,composite::ops/function/math_func.py::cov,unit,composite::ops/function/math_func.py::_check_cov_weights,0,fweights is not None,_check_cov_weights,mindspore/python/mindspore/ops/function/math_func.py
cov::unit::_check_cov_weights::1,composite::ops/function/math_func.py::cov,unit,composite::ops/function/math_func.py::_check_cov_weights,1,aweights is not None,_check_cov_weights,mindspore/python/mindspore/ops/function/math_func.py
cov::unit::_combine_cov_weights::2,composite::ops/function/math_func.py::cov,unit,composite::ops/function/math_func.py::_combine_cov_weights,2,,_combine_cov_weights,mindspore/python/mindspore/ops/function/math_func.py
cov::unit::cast::3,composite::ops/function/math_func.py::cov,unit,branch::cast_op.yaml::Cast,3,w is None,cast,mindspore/python/mindspore/ops/function/math_func.py
cov::unit::mm::4,composite::ops/function/math_func.py::cov,unit,branch::mm_ext_op.yaml::Mm,4,,mm,mindspore/python/mindspore/ops/function/math_func.py
cummin::unit::cummin_op::0,composite::ops/function/math_func.py::cummin,unit,branch::cummin_op.yaml::Cummin,0,axis == 0,cummin_op,mindspore/python/mindspore/ops/function/math_func.py
cummin::unit::_create_cummin_perm::1,composite::ops/function/math_func.py::cummin,unit,composite::ops/function/math_func.py::_create_cummin_perm,1,not (axis == 0),_create_cummin_perm,mindspore/python/mindspore/ops/function/math_func.py
cummin::unit::transpose_op::2,composite::ops/function/math_func.py::cummin,unit,branch::transpose_op.yaml::Transpose,2,not (axis == 0),transpose_op,mindspore/python/mindspore/ops/function/math_func.py
cummin::unit::cummin_op::3,composite::ops/function/math_func.py::cummin,unit,branch::cummin_op.yaml::Cummin,3,not (axis == 0),cummin_op,mindspore/python/mindspore/ops/function/math_func.py
deg2rad::unit::_check_input_dtype::0,composite::ops/function/math_func.py::deg2rad,unit,composite::ops/function/math_func.py::_check_input_dtype,0,,_check_input_dtype,mindspore/python/mindspore/ops/function/math_func.py
diff::unit::_check_is_int::0,composite::ops/function/math_func.py::diff,unit,composite::ops/function/math_func.py::_check_is_int,0,,_check_is_int,mindspore/python/mindspore/ops/function/math_func.py
diff_ext::unit::_diff_check::0,composite::ops/function/math_func.py::diff_ext,unit,composite::ops/function/math_func.py::_diff_check,0,,_diff_check,mindspore/python/mindspore/ops/function/math_func.py
diff_ext::unit::_diff_prepend_append_on_dim::1,composite::ops/function/math_func.py::diff_ext,unit,composite::ops/function/math_func.py::_diff_prepend_append_on_dim,1,not (prepend is None and append is None or n == 0),_diff_prepend_append_on_dim,mindspore/python/mindspore/ops/function/math_func.py
einsum_ext::unit::_einsum_convert_sublist::0,composite::ops/function/math_func.py::einsum_ext,unit,composite::ops/function/math_func.py::_einsum_convert_sublist,0,,_einsum_convert_sublist,mindspore/python/mindspore/ops/function/math_func.py
gumbel_softmax::unit::_check_logits_tensor::0,composite::ops/function/math_func.py::gumbel_softmax,unit,composite::ops/function/math_func.py::_check_logits_tensor,0,,_check_logits_tensor,mindspore/python/mindspore/ops/function/math_func.py
gumbel_softmax::unit::_check_logits_shape::1,composite::ops/function/math_func.py::gumbel_softmax,unit,composite::ops/function/math_func.py::_check_logits_shape,1,,_check_logits_shape,mindspore/python/mindspore/ops/function/math_func.py
gumbel_softmax::unit::_check_input_dtype::2,composite::ops/function/math_func.py::gumbel_softmax,unit,composite::ops/function/math_func.py::_check_input_dtype,2,,_check_input_dtype,mindspore/python/mindspore/ops/function/math_func.py
gumbel_softmax::unit::_check_attr_dtype::3,composite::ops/function/math_func.py::gumbel_softmax,unit,composite::ops/function/math_func.py::_check_attr_dtype,3,,_check_attr_dtype,mindspore/python/mindspore/ops/function/math_func.py
gumbel_softmax::unit::_check_positive_float::4,composite::ops/function/math_func.py::gumbel_softmax,unit,composite::ops/function/math_func.py::_check_positive_float,4,,_check_positive_float,mindspore/python/mindspore/ops/function/math_func.py
gumbel_softmax::unit::_check_int_range::5,composite::ops/function/math_func.py::gumbel_softmax,unit,composite::ops/function/math_func.py::_check_int_range,5,hard,_check_int_range,mindspore/python/mindspore/ops/function/math_func.py
gumbel_softmax::unit::_check_int_range::6,composite::ops/function/math_func.py::gumbel_softmax,unit,composite::ops/function/math_func.py::_check_int_range,6,not (hard),_check_int_range,mindspore/python/mindspore/ops/function/math_func.py
gumbel_softmax::unit::neg::7,composite::ops/function/math_func.py::gumbel_softmax,unit,branch::neg_op.yaml::Neg,7,,neg,mindspore/python/mindspore/ops/function/math_func.py
hann_window::unit::arange::0,composite::ops/function/math_func.py::hann_window,unit,branch::arange_op.yaml::Arange,0,not (window_length <= 1),arange,mindspore/python/mindspore/ops/function/math_func.py
isposinf::unit::_check_is_tensor::0,composite::ops/function/math_func.py::isposinf,unit,composite::ops/function/math_func.py::_check_is_tensor,0,,_check_is_tensor,mindspore/python/mindspore/ops/function/math_func.py
isreal::unit::_check_is_tensor::0,composite::ops/function/math_func.py::isreal,unit,composite::ops/function/math_func.py::_check_is_tensor,0,,_check_is_tensor,mindspore/python/mindspore/ops/function/math_func.py
kaiser_window::unit::arange::0,composite::ops/function/math_func.py::kaiser_window,unit,branch::arange_op.yaml::Arange,0,not (window_length <= 1),arange,mindspore/python/mindspore/ops/function/math_func.py
logdet::unit::det::0,composite::ops/function/math_func.py::logdet,unit,composite::ops/function/math_func.py::det,0,,det,mindspore/python/mindspore/ops/function/math_func.py
logspace::unit::cast::0,composite::ops/function/math_func.py::logspace,unit,branch::cast_op.yaml::Cast,0,"isinstance(start, float)",cast,mindspore/python/mindspore/ops/function/math_func.py
logspace::unit::cast::1,composite::ops/function/math_func.py::logspace,unit,branch::cast_op.yaml::Cast,1,"isinstance(end, float)",cast,mindspore/python/mindspore/ops/function/math_func.py
matrix_norm::unit::_check_matrix_norm_axis::0,composite::ops/function/math_func.py::matrix_norm,unit,composite::ops/function/math_func.py::_check_matrix_norm_axis,0,,_check_matrix_norm_axis,mindspore/python/mindspore/ops/function/math_func.py
matrix_norm::unit::_check_matrix_norm_ord::1,composite::ops/function/math_func.py::matrix_norm,unit,composite::ops/function/math_func.py::_check_matrix_norm_ord,1,,_check_matrix_norm_ord,mindspore/python/mindspore/ops/function/math_func.py
matrix_norm::unit::cast::2,composite::ops/function/math_func.py::matrix_norm,unit,branch::cast_op.yaml::Cast,2,dtype is not None,cast,mindspore/python/mindspore/ops/function/math_func.py
matrix_norm::unit::sqrt::3,composite::ops/function/math_func.py::matrix_norm,unit,branch::sqrt_op.yaml::Sqrt,3,ord == 'fro',sqrt,mindspore/python/mindspore/ops/function/math_func.py
matrix_norm::unit::_multi_svd_norm::4,composite::ops/function/math_func.py::matrix_norm,unit,composite::ops/function/math_func.py::_multi_svd_norm,4,not (ord == 'fro') and ord == 'nuc',_multi_svd_norm,mindspore/python/mindspore/ops/function/math_func.py
matrix_norm::unit::_multi_svd_norm::5,composite::ops/function/math_func.py::matrix_norm,unit,composite::ops/function/math_func.py::_multi_svd_norm,5,not (ord == 'fro') and not (ord == 'nuc') and not (ord == float('inf')) and not (ord == float('-inf')) and not (ord == 1) and not (ord == -1) and ord == 2,_multi_svd_norm,mindspore/python/mindspore/ops/function/math_func.py
matrix_norm::unit::_multi_svd_norm::6,composite::ops/function/math_func.py::matrix_norm,unit,composite::ops/function/math_func.py::_multi_svd_norm,6,not (ord == 'fro') and not (ord == 'nuc') and not (ord == float('inf')) and not (ord == float('-inf')) and not (ord == 1) and not (ord == -1) and not (ord == 2) and ord == -2,_multi_svd_norm,mindspore/python/mindspore/ops/function/math_func.py
nanmean::unit::_check_is_tensor::0,composite::ops/function/math_func.py::nanmean,unit,composite::ops/function/math_func.py::_check_is_tensor,0,,_check_is_tensor,mindspore/python/mindspore/ops/function/math_func.py
nanmean::unit::_check_repeat_in_axis::1,composite::ops/function/math_func.py::nanmean,unit,composite::ops/function/math_func.py::_check_repeat_in_axis,1,,_check_repeat_in_axis,mindspore/python/mindspore/ops/function/math_func.py
nanquantile::unit::_check_attr_dtype::0,composite::ops/function/math_func.py::nanquantile,unit,composite::ops/function/math_func.py::_check_attr_dtype,0,axis is not None,_check_attr_dtype,mindspore/python/mindspore/ops/function/math_func.py
nanquantile::unit::_check_attr_dtype::1,composite::ops/function/math_func.py::nanquantile,unit,composite::ops/function/math_func.py::_check_attr_dtype,1,keepdims is not None,_check_attr_dtype,mindspore/python/mindspore/ops/function/math_func.py
norm::unit::_check_axis::0,composite::ops/function/math_func.py::norm,unit,composite::ops/function/math_func.py::_check_axis,0,,_check_axis,mindspore/python/mindspore/ops/function/math_func.py
norm::unit::_check_ord::1,composite::ops/function/math_func.py::norm,unit,composite::ops/function/math_func.py::_check_ord,1,,_check_ord,mindspore/python/mindspore/ops/function/math_func.py
norm::unit::cast::2,composite::ops/function/math_func.py::norm,unit,branch::cast_op.yaml::Cast,2,dtype is not None,cast,mindspore/python/mindspore/ops/function/math_func.py
numel::unit::_check_is_tensor::0,composite::ops/function/math_func.py::numel,unit,composite::ops/function/math_func.py::_check_is_tensor,0,,_check_is_tensor,mindspore/python/mindspore/ops/function/math_func.py
positive::unit::_check_is_tensor::0,composite::ops/function/math_func.py::positive,unit,composite::ops/function/math_func.py::_check_is_tensor,0,,_check_is_tensor,mindspore/python/mindspore/ops/function/math_func.py
quantile::unit::_check_attr_dtype::0,composite::ops/function/math_func.py::quantile,unit,composite::ops/function/math_func.py::_check_attr_dtype,0,axis is not None,_check_attr_dtype,mindspore/python/mindspore/ops/function/math_func.py
quantile::unit::_check_attr_dtype::1,composite::ops/function/math_func.py::quantile,unit,composite::ops/function/math_func.py::_check_attr_dtype,1,keepdims is not None,_check_attr_dtype,mindspore/python/mindspore/ops/function/math_func.py
rad2deg::unit::_check_input_dtype::0,composite::ops/function/math_func.py::rad2deg,unit,composite::ops/function/math_func.py::_check_input_dtype,0,,_check_input_dtype,mindspore/python/mindspore/ops/function/math_func.py
rot90::unit::arrange::0,composite::ops/function/math_func.py::rot90,unit,composite::ops/function/math_func.py::arrange,0,not (k == 0) and not (k == 2),arrange,mindspore/python/mindspore/ops/function/math_func.py
sgn::public_api::masked_fill::0,composite::ops/function/math_func.py::sgn,public_api,mindspore.ops.masked_fill,0,not (not ops.is_complex(input)),masked_fill,mindspore/python/mindspore/ops/function/math_func.py
sgn::unit::zeros_like::1,composite::ops/function/math_func.py::sgn,unit,branch::zeros_like_op.yaml::ZerosLike,1,not (not ops.is_complex(input)),zeros_like,mindspore/python/mindspore/ops/function/math_func.py
signbit::public_api::less::0,composite::ops/function/math_func.py::signbit,public_api,mindspore.ops.less,0,,less,mindspore/python/mindspore/ops/function/math_func.py
stft::unit::_check_attr_dtype::0,composite::ops/function/math_func.py::stft,unit,composite::ops/function/math_func.py::_check_attr_dtype,0,center,_check_attr_dtype,mindspore/python/mindspore/ops/function/math_func.py
tensor_dot::unit::_check_axes::0,composite::ops/function/math_func.py::tensor_dot,unit,composite::ops/function/math_func.py::_check_axes,0,,_check_axes,mindspore/python/mindspore/ops/function/math_func.py
tensor_dot::unit::_axes_int_check::1,composite::ops/function/math_func.py::tensor_dot,unit,composite::ops/function/math_func.py::_axes_int_check,1,,_axes_int_check,mindspore/python/mindspore/ops/function/math_func.py
tensor_dot::unit::_validate_axes::2,composite::ops/function/math_func.py::tensor_dot,unit,composite::ops/function/math_func.py::_validate_axes,2,,_validate_axes,mindspore/python/mindspore/ops/function/math_func.py
tensor_dot::unit::_calc_new_shape::3,composite::ops/function/math_func.py::tensor_dot,unit,composite::ops/function/math_func.py::_calc_new_shape,3,,_calc_new_shape,mindspore/python/mindspore/ops/function/math_func.py
tensor_dot::unit::transpose_op::4,composite::ops/function/math_func.py::tensor_dot,unit,branch::transpose_op.yaml::Transpose,4,,transpose_op,mindspore/python/mindspore/ops/function/math_func.py
trapz::unit::_check_dim_in_range::0,composite::ops/function/math_func.py::trapz,unit,composite::ops/function/math_func.py::_check_dim_in_range,0,,_check_dim_in_range,mindspore/python/mindspore/ops/function/math_func.py
vander::unit::range::0,composite::ops/function/math_func.py::vander,unit,branch::range_op.yaml::Range,0,,range,mindspore/python/mindspore/ops/function/math_func.py
vander::unit::expand_dims::1,composite::ops/function/math_func.py::vander,unit,branch::expand_dims_op.yaml::ExpandDims,1,,expand_dims,mindspore/python/mindspore/ops/function/math_func.py
bidense::unit::_check_is_tensor::0,composite::ops/function/nn_func.py::bidense,unit,composite::ops/function/nn_func.py::_check_is_tensor,0,,_check_is_tensor,mindspore/python/mindspore/ops/function/nn_func.py
bidense::unit::check_dense_inputs_same_shape::1,composite::ops/function/nn_func.py::bidense,unit,composite::ops/function/nn_func.py::check_dense_inputs_same_shape,1,,check_dense_inputs_same_shape,mindspore/python/mindspore/ops/function/nn_func.py
cosine_embedding_loss::unit::_check_is_tensor::0,composite::ops/function/nn_func.py::cosine_embedding_loss,unit,composite::ops/function/nn_func.py::_check_is_tensor,0,,_check_is_tensor,mindspore/python/mindspore/ops/function/nn_func.py
cosine_embedding_loss::unit::check_input_dtype::1,composite::ops/function/nn_func.py::cosine_embedding_loss,unit,composite::ops/function/nn_func.py::check_input_dtype,1,,check_input_dtype,mindspore/python/mindspore/ops/function/nn_func.py
cosine_embedding_loss::unit::_check_reduced_shape_valid::2,composite::ops/function/nn_func.py::cosine_embedding_loss,unit,composite::ops/function/nn_func.py::_check_reduced_shape_valid,2,,_check_reduced_shape_valid,mindspore/python/mindspore/ops/function/nn_func.py
cosine_embedding_loss::unit::_check_value_type::3,composite::ops/function/nn_func.py::cosine_embedding_loss,unit,composite::ops/function/nn_func.py::_check_value_type,3,,_check_value_type,mindspore/python/mindspore/ops/function/nn_func.py
cosine_embedding_loss::unit::zeros_like::4,composite::ops/function/nn_func.py::cosine_embedding_loss,unit,branch::zeros_like_op.yaml::ZerosLike,4,,zeros_like,mindspore/python/mindspore/ops/function/nn_func.py
cosine_embedding_loss::unit::select::5,composite::ops/function/nn_func.py::cosine_embedding_loss,unit,branch::select_ext_view_op.yaml::SelectExtView,5,,select,mindspore/python/mindspore/ops/function/nn_func.py
ctc_loss::unit::_check_ctc_loss_inputs::0,composite::ops/function/nn_func.py::ctc_loss,unit,composite::ops/function/nn_func.py::_check_ctc_loss_inputs,0,,_check_ctc_loss_inputs,mindspore/python/mindspore/ops/function/nn_func.py
flip::unit::reverse_v2_impl::0,composite::ops/function/nn_func.py::flip,unit,branch::reverse_v2_op.yaml::ReverseV2,0,,reverse_v2_impl,mindspore/python/mindspore/ops/function/nn_func.py
fractional_max_pool2d::unit::_check_fractional_output_size_ratio::0,composite::ops/function/nn_func.py::fractional_max_pool2d,unit,composite::ops/function/nn_func.py::_check_fractional_output_size_ratio,0,,_check_fractional_output_size_ratio,mindspore/python/mindspore/ops/function/nn_func.py
fractional_max_pool2d::unit::_check_value_type::1,composite::ops/function/nn_func.py::fractional_max_pool2d,unit,composite::ops/function/nn_func.py::_check_value_type,1,,_check_value_type,mindspore/python/mindspore/ops/function/nn_func.py
fractional_max_pool2d::unit::_check_value_type::2,composite::ops/function/nn_func.py::fractional_max_pool2d,unit,composite::ops/function/nn_func.py::_check_value_type,2,"output_size is None and isinstance(output_ratio, (float, int))",_check_value_type,mindspore/python/mindspore/ops/function/nn_func.py
fractional_max_pool2d::unit::_check_float_range_inc_neither::3,composite::ops/function/nn_func.py::fractional_max_pool2d,unit,composite::ops/function/nn_func.py::_check_float_range_inc_neither,3,output_size is None,_check_float_range_inc_neither,mindspore/python/mindspore/ops/function/nn_func.py
fractional_max_pool3d::unit::_check_fractional_output_size_ratio::0,composite::ops/function/nn_func.py::fractional_max_pool3d,unit,composite::ops/function/nn_func.py::_check_fractional_output_size_ratio,0,,_check_fractional_output_size_ratio,mindspore/python/mindspore/ops/function/nn_func.py
fractional_max_pool3d::unit::_check_value_type::1,composite::ops/function/nn_func.py::fractional_max_pool3d,unit,composite::ops/function/nn_func.py::_check_value_type,1,,_check_value_type,mindspore/python/mindspore/ops/function/nn_func.py
fractional_max_pool3d::unit::_check_value_type::2,composite::ops/function/nn_func.py::fractional_max_pool3d,unit,composite::ops/function/nn_func.py::_check_value_type,2,"output_size is None and isinstance(output_ratio, (float, int))",_check_value_type,mindspore/python/mindspore/ops/function/nn_func.py
fractional_max_pool3d::unit::_check_float_range_inc_neither::3,composite::ops/function/nn_func.py::fractional_max_pool3d,unit,composite::ops/function/nn_func.py::_check_float_range_inc_neither,3,output_size is None,_check_float_range_inc_neither,mindspore/python/mindspore/ops/function/nn_func.py
hinge_embedding_loss::unit::_check_hinge_embedding_loss_type::0,composite::ops/function/nn_func.py::hinge_embedding_loss,unit,composite::ops/function/nn_func.py::_check_hinge_embedding_loss_type,0,,_check_hinge_embedding_loss_type,mindspore/python/mindspore/ops/function/nn_func.py
hinge_embedding_loss::unit::cast::1,composite::ops/function/nn_func.py::hinge_embedding_loss,unit,branch::cast_op.yaml::Cast,1,,cast,mindspore/python/mindspore/ops/function/nn_func.py
huber_loss::unit::_check_is_tensor::0,composite::ops/function/nn_func.py::huber_loss,unit,composite::ops/function/nn_func.py::_check_is_tensor,0,,_check_is_tensor,mindspore/python/mindspore/ops/function/nn_func.py
huber_loss::unit::_check_value_type::1,composite::ops/function/nn_func.py::huber_loss,unit,composite::ops/function/nn_func.py::_check_value_type,1,,_check_value_type,mindspore/python/mindspore/ops/function/nn_func.py
huber_loss::unit::_check_number_gt_value::2,composite::ops/function/nn_func.py::huber_loss,unit,composite::ops/function/nn_func.py::_check_number_gt_value,2,,_check_number_gt_value,mindspore/python/mindspore/ops/function/nn_func.py
interpolate::unit::_is_dim_unknown::0,composite::ops/function/nn_func.py::interpolate,unit,composite::ops/function/nn_func.py::_is_dim_unknown,0,,_is_dim_unknown,mindspore/python/mindspore/ops/function/nn_func.py
interpolate::unit::_interpolate_size_check_with_rank::1,composite::ops/function/nn_func.py::interpolate,unit,composite::ops/function/nn_func.py::_interpolate_size_check_with_rank,1,"size is not None and isinstance(size, (list, tuple)) and dim_unknown is False",_interpolate_size_check_with_rank,mindspore/python/mindspore/ops/function/nn_func.py
interpolate::unit::_interploate_make_tuple::2,composite::ops/function/nn_func.py::interpolate,unit,composite::ops/function/nn_func.py::_interploate_make_tuple,2,"size is not None and not (isinstance(size, (list, tuple))) and dim_unknown is not False",_interploate_make_tuple,mindspore/python/mindspore/ops/function/nn_func.py
interpolate::unit::_interpolate_scale_factor_check_with_rank::3,composite::ops/function/nn_func.py::interpolate,unit,composite::ops/function/nn_func.py::_interpolate_scale_factor_check_with_rank,3,"size is None and scale_factor is not None and isinstance(scale_factor, (list, tuple)) and dim_unknown is False",_interpolate_scale_factor_check_with_rank,mindspore/python/mindspore/ops/function/nn_func.py
interpolate::unit::_interploate_make_tuple::4,composite::ops/function/nn_func.py::interpolate,unit,composite::ops/function/nn_func.py::_interploate_make_tuple,4,"size is None and scale_factor is not None and not (isinstance(scale_factor, (list, tuple))) and dim_unknown is not False",_interploate_make_tuple,mindspore/python/mindspore/ops/function/nn_func.py
interpolate::unit::_interpolate_mode_check::5,composite::ops/function/nn_func.py::interpolate,unit,composite::ops/function/nn_func.py::_interpolate_mode_check,5,,_interpolate_mode_check,mindspore/python/mindspore/ops/function/nn_func.py
interpolate::unit::_interpolate_rank_check::6,composite::ops/function/nn_func.py::interpolate,unit,composite::ops/function/nn_func.py::_interpolate_rank_check,6,dim_unknown is False,_interpolate_rank_check,mindspore/python/mindspore/ops/function/nn_func.py
interpolate::unit::min::7,composite::ops/function/nn_func.py::interpolate,unit,composite::ops/function/array_func.py::min,7,recompute_scale_factor is not None and recompute_scale_factor and F.isconstant(shape) and F.isconstant(scale_factor),min,mindspore/python/mindspore/ops/function/nn_func.py
interpolate::unit::_interpolate_scale_factor_convert_size::8,composite::ops/function/nn_func.py::interpolate,unit,composite::ops/function/nn_func.py::_interpolate_scale_factor_convert_size,8,recompute_scale_factor is not None and recompute_scale_factor and not (F.isconstant(shape) and F.isconstant(scale_factor)),_interpolate_scale_factor_convert_size,mindspore/python/mindspore/ops/function/nn_func.py
interpolate::unit::_interpolate_scale_factor_check::9,composite::ops/function/nn_func.py::interpolate,unit,composite::ops/function/nn_func.py::_interpolate_scale_factor_check,9,not (recompute_scale_factor is not None and recompute_scale_factor) and dim_unknown is False,_interpolate_scale_factor_check,mindspore/python/mindspore/ops/function/nn_func.py
interpolate::unit::_interpolate_align_corners_mode_check::10,composite::ops/function/nn_func.py::interpolate,unit,composite::ops/function/nn_func.py::_interpolate_align_corners_mode_check,10,align_corners is not None and dim_unknown is False,_interpolate_align_corners_mode_check,mindspore/python/mindspore/ops/function/nn_func.py
l1_loss::unit::_check_is_tensor::0,composite::ops/function/nn_func.py::l1_loss,unit,composite::ops/function/nn_func.py::_check_is_tensor,0,,_check_is_tensor,mindspore/python/mindspore/ops/function/nn_func.py
lp_pool1d::unit::avg_pool1d::0,composite::ops/function/nn_func.py::lp_pool1d,unit,branch::avg_pool1d_op.yaml::AvgPool1D,0,,avg_pool1d,mindspore/python/mindspore/ops/function/nn_func.py
lp_pool1d::unit::squeeze::1,composite::ops/function/nn_func.py::lp_pool1d,unit,composite::ops/function/array_func.py::squeeze,1,_is_squeeze,squeeze,mindspore/python/mindspore/ops/function/nn_func.py
lp_pool2d::unit::avg_pool2d::0,composite::ops/function/nn_func.py::lp_pool2d,unit,branch::avg_pool2d_op.yaml::AvgPool2D,0,,avg_pool2d,mindspore/python/mindspore/ops/function/nn_func.py
margin_ranking_loss::unit::_check_value_type::0,composite::ops/function/nn_func.py::margin_ranking_loss,unit,composite::ops/function/nn_func.py::_check_value_type,0,,_check_value_type,mindspore/python/mindspore/ops/function/nn_func.py
margin_ranking_loss::unit::_check_is_tensor::1,composite::ops/function/nn_func.py::margin_ranking_loss,unit,composite::ops/function/nn_func.py::_check_is_tensor,1,,_check_is_tensor,mindspore/python/mindspore/ops/function/nn_func.py
margin_ranking_loss::unit::check_input_dtype::2,composite::ops/function/nn_func.py::margin_ranking_loss,unit,composite::ops/function/nn_func.py::check_input_dtype,2,,check_input_dtype,mindspore/python/mindspore/ops/function/nn_func.py
margin_ranking_loss::public_api::clamp::3,composite::ops/function/nn_func.py::margin_ranking_loss,public_api,mindspore.ops.clamp,3,,clamp,mindspore/python/mindspore/ops/function/nn_func.py
max_unpool1d::primitive_symbol::max_unpool_2d::0,composite::ops/function/nn_func.py::max_unpool1d,primitive_symbol,MaxUnpool2D,0,x_dim == 2,max_unpool_2d,mindspore/python/mindspore/ops/function/nn_func.py
max_unpool1d::primitive_symbol::max_unpool_2d::1,composite::ops/function/nn_func.py::max_unpool1d,primitive_symbol,MaxUnpool2D,1,not (x_dim == 2),max_unpool_2d,mindspore/python/mindspore/ops/function/nn_func.py
multilabel_soft_margin_loss::unit::_check_is_tensor::0,composite::ops/function/nn_func.py::multilabel_soft_margin_loss,unit,composite::ops/function/nn_func.py::_check_is_tensor,0,,_check_is_tensor,mindspore/python/mindspore/ops/function/nn_func.py
pad::unit::_check_pad_inputs::0,composite::ops/function/nn_func.py::pad,unit,composite::ops/function/nn_func.py::_check_pad_inputs,0,"not (isinstance(padding, (tuple, list)) and (not padding) or (isinstance(padding, Tensor) and padding.shape == (0,))) and not isinstance(padding, Tensor)",_check_pad_inputs,mindspore/python/mindspore/ops/function/nn_func.py
pixel_unshuffle::unit::_check_positive_int::0,composite::ops/function/nn_func.py::pixel_unshuffle,unit,composite::ops/function/nn_func.py::_check_positive_int,0,,_check_positive_int,mindspore/python/mindspore/ops/function/nn_func.py
pixel_unshuffle::unit::_check_is_tensor::1,composite::ops/function/nn_func.py::pixel_unshuffle,unit,composite::ops/function/nn_func.py::_check_is_tensor,1,,_check_is_tensor,mindspore/python/mindspore/ops/function/nn_func.py
pixel_unshuffle::unit::_check_pixel_shuffle_unshuffle_input_shape::2,composite::ops/function/nn_func.py::pixel_unshuffle,unit,composite::ops/function/nn_func.py::_check_pixel_shuffle_unshuffle_input_shape,2,,_check_pixel_shuffle_unshuffle_input_shape,mindspore/python/mindspore/ops/function/nn_func.py
pixel_unshuffle::unit::_check_pxiel_unshuffle_valid::3,composite::ops/function/nn_func.py::pixel_unshuffle,unit,composite::ops/function/nn_func.py::_check_pxiel_unshuffle_valid,3,,_check_pxiel_unshuffle_valid,mindspore/python/mindspore/ops/function/nn_func.py
softmax::unit::cast::0,composite::ops/function/nn_func.py::softmax,unit,branch::cast_op.yaml::Cast,0,dtype is not None,cast,mindspore/python/mindspore/ops/function/nn_func.py
choice_with_mask::unit::_get_seed::0,composite::ops/function/random_func.py::choice_with_mask,unit,composite::ops/function/random_func.py::_get_seed,0,,_get_seed,mindspore/python/mindspore/ops/function/random_func.py
choice_with_mask::unit::_set_prim_op_user_data::1,composite::ops/function/random_func.py::choice_with_mask,unit,composite::ops/function/random_func.py::_set_prim_op_user_data,1,,_set_prim_op_user_data,mindspore/python/mindspore/ops/function/random_func.py
gamma::unit::_get_seed::0,composite::ops/function/random_func.py::gamma,unit,composite::ops/function/random_func.py::_get_seed,0,,_get_seed,mindspore/python/mindspore/ops/function/random_func.py
gamma::unit::_set_prim_op_user_data::1,composite::ops/function/random_func.py::gamma,unit,composite::ops/function/random_func.py::_set_prim_op_user_data,1,,_set_prim_op_user_data,mindspore/python/mindspore/ops/function/random_func.py
laplace::unit::_get_seed::0,composite::ops/function/random_func.py::laplace,unit,composite::ops/function/random_func.py::_get_seed,0,,_get_seed,mindspore/python/mindspore/ops/function/random_func.py
laplace::unit::_set_prim_op_user_data::1,composite::ops/function/random_func.py::laplace,unit,composite::ops/function/random_func.py::_set_prim_op_user_data,1,,_set_prim_op_user_data,mindspore/python/mindspore/ops/function/random_func.py
laplace::unit::_check_shape::2,composite::ops/function/random_func.py::laplace,unit,composite::ops/function/random_func.py::_check_shape,2,,_check_shape,mindspore/python/mindspore/ops/function/random_func.py
log_uniform_candidate_sampler::unit::_set_prim_op_user_data::0,composite::ops/function/random_func.py::log_uniform_candidate_sampler,unit,composite::ops/function/random_func.py::_set_prim_op_user_data,0,,_set_prim_op_user_data,mindspore/python/mindspore/ops/function/random_func.py
multinomial::unit::_get_seed::0,composite::ops/function/random_func.py::multinomial,unit,composite::ops/function/random_func.py::_get_seed,0,,_get_seed,mindspore/python/mindspore/ops/function/random_func.py
multinomial::unit::_set_prim_op_user_data::1,composite::ops/function/random_func.py::multinomial,unit,composite::ops/function/random_func.py::_set_prim_op_user_data,1,not replacement,_set_prim_op_user_data,mindspore/python/mindspore/ops/function/random_func.py
multinomial::unit::_set_prim_op_user_data::2,composite::ops/function/random_func.py::multinomial,unit,composite::ops/function/random_func.py::_set_prim_op_user_data,2,not (not replacement),_set_prim_op_user_data,mindspore/python/mindspore/ops/function/random_func.py
multinomial_with_replacement::unit::_set_prim_op_user_data::0,composite::ops/function/random_func.py::multinomial_with_replacement,unit,composite::ops/function/random_func.py::_set_prim_op_user_data,0,,_set_prim_op_user_data,mindspore/python/mindspore/ops/function/random_func.py
normal::unit::_check_param::0,composite::ops/function/random_func.py::normal,unit,composite::ops/function/random_func.py::_check_param,0,,_check_param,mindspore/python/mindspore/ops/function/random_func.py
normal::unit::_get_seed::1,composite::ops/function/random_func.py::normal,unit,composite::ops/function/random_func.py::_get_seed,1,,_get_seed,mindspore/python/mindspore/ops/function/random_func.py
normal::unit::_set_prim_op_user_data::2,composite::ops/function/random_func.py::normal,unit,composite::ops/function/random_func.py::_set_prim_op_user_data,2,,_set_prim_op_user_data,mindspore/python/mindspore/ops/function/random_func.py
normal::unit::_check_shape::3,composite::ops/function/random_func.py::normal,unit,composite::ops/function/random_func.py::_check_shape,3,,_check_shape,mindspore/python/mindspore/ops/function/random_func.py
poisson::unit::_get_seed::0,composite::ops/function/random_func.py::poisson,unit,composite::ops/function/random_func.py::_get_seed,0,,_get_seed,mindspore/python/mindspore/ops/function/random_func.py
poisson::unit::_set_prim_op_user_data::1,composite::ops/function/random_func.py::poisson,unit,composite::ops/function/random_func.py::_set_prim_op_user_data,1,,_set_prim_op_user_data,mindspore/python/mindspore/ops/function/random_func.py
random_categorical::unit::_set_prim_op_user_data::0,composite::ops/function/random_func.py::random_categorical,unit,composite::ops/function/random_func.py::_set_prim_op_user_data,0,,_set_prim_op_user_data,mindspore/python/mindspore/ops/function/random_func.py
random_gamma::unit::_get_seed::0,composite::ops/function/random_func.py::random_gamma,unit,composite::ops/function/random_func.py::_get_seed,0,,_get_seed,mindspore/python/mindspore/ops/function/random_func.py
random_gamma::unit::_set_prim_op_user_data::1,composite::ops/function/random_func.py::random_gamma,unit,composite::ops/function/random_func.py::_set_prim_op_user_data,1,,_set_prim_op_user_data,mindspore/python/mindspore/ops/function/random_func.py
random_poisson::unit::_get_seed::0,composite::ops/function/random_func.py::random_poisson,unit,composite::ops/function/random_func.py::_get_seed,0,,_get_seed,mindspore/python/mindspore/ops/function/random_func.py
random_poisson::unit::_set_prim_op_user_data::1,composite::ops/function/random_func.py::random_poisson,unit,composite::ops/function/random_func.py::_set_prim_op_user_data,1,,_set_prim_op_user_data,mindspore/python/mindspore/ops/function/random_func.py
shuffle::unit::_get_seed::0,composite::ops/function/random_func.py::shuffle,unit,composite::ops/function/random_func.py::_get_seed,0,,_get_seed,mindspore/python/mindspore/ops/function/random_func.py
shuffle::unit::_set_prim_op_user_data::1,composite::ops/function/random_func.py::shuffle,unit,composite::ops/function/random_func.py::_set_prim_op_user_data,1,,_set_prim_op_user_data,mindspore/python/mindspore/ops/function/random_func.py
standard_laplace::unit::_get_seed::0,composite::ops/function/random_func.py::standard_laplace,unit,composite::ops/function/random_func.py::_get_seed,0,,_get_seed,mindspore/python/mindspore/ops/function/random_func.py
standard_laplace::unit::_set_prim_op_user_data::1,composite::ops/function/random_func.py::standard_laplace,unit,composite::ops/function/random_func.py::_set_prim_op_user_data,1,,_set_prim_op_user_data,mindspore/python/mindspore/ops/function/random_func.py
standard_normal::unit::_get_seed::0,composite::ops/function/random_func.py::standard_normal,unit,composite::ops/function/random_func.py::_get_seed,0,,_get_seed,mindspore/python/mindspore/ops/function/random_func.py
standard_normal::unit::_set_prim_op_user_data::1,composite::ops/function/random_func.py::standard_normal,unit,composite::ops/function/random_func.py::_set_prim_op_user_data,1,,_set_prim_op_user_data,mindspore/python/mindspore/ops/function/random_func.py
uniform::unit::_get_seed::0,composite::ops/function/random_func.py::uniform,unit,composite::ops/function/random_func.py::_get_seed,0,,_get_seed,mindspore/python/mindspore/ops/function/random_func.py
uniform::unit::_set_prim_op_user_data::1,composite::ops/function/random_func.py::uniform,unit,composite::ops/function/random_func.py::_set_prim_op_user_data,1,"const_utils.is_same_type(dtype, mstype.int32)",_set_prim_op_user_data,mindspore/python/mindspore/ops/function/random_func.py
uniform::unit::_set_prim_op_user_data::2,composite::ops/function/random_func.py::uniform,unit,composite::ops/function/random_func.py::_set_prim_op_user_data,2,"not (const_utils.is_same_type(dtype, mstype.int32))",_set_prim_op_user_data,mindspore/python/mindspore/ops/function/random_func.py
uniform_candidate_sampler::unit::_set_prim_op_user_data::0,composite::ops/function/random_func.py::uniform_candidate_sampler,unit,composite::ops/function/random_func.py::_set_prim_op_user_data,0,,_set_prim_op_user_data,mindspore/python/mindspore/ops/function/random_func.py
coo_add::unit::promote_coo::0,composite::ops/function/sparse_func.py::coo_add,unit,composite::ops/function/sparse_func.py::promote_coo,0,,promote_coo,mindspore/python/mindspore/ops/function/sparse_func.py
coo_concat::unit::_set_coo_concat_input::0,composite::ops/function/sparse_func.py::coo_concat,unit,composite::ops/function/sparse_func.py::_set_coo_concat_input,0,,_set_coo_concat_input,mindspore/python/mindspore/ops/function/sparse_func.py
coo_concat::unit::_calc_out_shape::1,composite::ops/function/sparse_func.py::coo_concat,unit,composite::ops/function/sparse_func.py::_calc_out_shape,1,,_calc_out_shape,mindspore/python/mindspore/ops/function/sparse_func.py
csr_add::unit::promote_csr::0,composite::ops/function/sparse_func.py::csr_add,unit,composite::ops/function/sparse_func.py::promote_csr,0,,promote_csr,mindspore/python/mindspore/ops/function/sparse_func.py
csr_div::unit::_make_tensor::0,composite::ops/function/sparse_func.py::csr_div,unit,composite::ops/function/sparse_func.py::_make_tensor,0,"isinstance(y, (int, float, bool))",_make_tensor,mindspore/python/mindspore/ops/function/sparse_func.py
csr_div::unit::promote_tensor::1,composite::ops/function/sparse_func.py::csr_div,unit,composite::ops/function/sparse_func.py::promote_tensor,1,not (is_scalar(y)),promote_tensor,mindspore/python/mindspore/ops/function/sparse_func.py
csr_mul::unit::_make_tensor::0,composite::ops/function/sparse_func.py::csr_mul,unit,composite::ops/function/sparse_func.py::_make_tensor,0,"isinstance(y, (int, float, bool))",_make_tensor,mindspore/python/mindspore/ops/function/sparse_func.py
csr_mul::unit::promote_tensor::1,composite::ops/function/sparse_func.py::csr_mul,unit,composite::ops/function/sparse_func.py::promote_tensor,1,not (is_scalar(y)),promote_tensor,mindspore/python/mindspore/ops/function/sparse_func.py
csr_mv::unit::promote_tensor::0,composite::ops/function/sparse_func.py::csr_mv,unit,composite::ops/function/sparse_func.py::promote_tensor,0,,promote_tensor,mindspore/python/mindspore/ops/function/sparse_func.py
csr_to_dense::unit::_convert_shape::0,composite::ops/function/sparse_func.py::csr_to_dense,unit,composite::ops/function/sparse_func.py::_convert_shape,0,,_convert_shape,mindspore/python/mindspore/ops/function/sparse_func.py
make_row_tensor::unit::print_info::0,composite::ops/function/sparse_func.py::make_row_tensor,unit,composite::ops/function/sparse_func.py::print_info,0,,print_info,mindspore/python/mindspore/ops/function/sparse_func.py
make_sparse_tensor::unit::print_info::0,composite::ops/function/sparse_func.py::make_sparse_tensor,unit,composite::ops/function/sparse_func.py::print_info,0,,print_info,mindspore/python/mindspore/ops/function/sparse_func.py
